<?xml version="1.0" encoding="UTF-8"?><idempiere Name="de.schoenbeck.beluga.orderedproducts" Version="1.0.1" idempiereVersion="" DataBaseVersion="" Description="Beluga-Orderedproducts provides an easy way to add products for an order from a list of previously ordered products" Author="" AuthorEmail="" CreatedDate="2025-09-12 07:33:21.542" UpdatedDate="2025-09-22 13:21:55.621" PackOutVersion="100" UpdateDictionary="false" Client="0-SYSTEM-System" AD_Client_UU="11237b53-9592-4af1-b3c5-afd216514b5d">
    <AD_Table type="table">
        <AD_Client_ID>0</AD_Client_ID>
        <AD_Org_ID>0</AD_Org_ID>
        <Name>blg_orderedproducts_v_ID</Name>
        <Description/>
        <Help>create or replace
view adempiere.blg_orderedproducts_v
as 
with cumulated_orders as
(
select
		cl.c_bpartner_id,
		cl.m_product_id,
		sum(cl.qtyordered) as cumulatedqty,
		max(cl.priceentered) as priceenteredmax,
		max(cl.dateordered) as dateordered
from
		c_orderline cl
join m_product mp
		using (m_product_id)
join c_order co
		using (c_order_id)
where
	co.docstatus in ('CO', 'CL')
group by
		cl.c_bpartner_id,
		cl.m_product_id)
select
		ol.ad_client_id,
		ol.ad_org_id,
		c_bpartner_id,
		m_product_id,
	    cumulatedqty,
	    qtyordered,
	    pricestd priceentered,
		priceentered pricelastorder,
		priceenteredmax,
		dateordered,
		line,
		m_pricelist_id,
		ol.created,
		ol.createdby,
		ol.updated,
		ol.updatedby,
		'Y'::text as isactive,
		m_product_id as blg_orderedproducts_v_ID
from
	c_orderline ol
join cumulated_orders co
		using (c_bpartner_id,
	m_product_id,
	dateordered)
join m_pricelist_version pv on 1=1
join m_productprice pp using (m_product_id, m_pricelist_version_id)
where
	bay_masterorderline_id is null
	and qtyordered &gt; 0
</Help>
        <AD_Window_ID reference="id"/>
        <AD_Val_Rule_ID reference="id"/>
        <TableName>blg_orderedproducts_v</TableName>
        <LoadSeq>0</LoadSeq>
        <AccessLevel>3</AccessLevel>
        <IsActive>Y</IsActive>
        <IsSecurityEnabled>N</IsSecurityEnabled>
        <IsDeleteable>N</IsDeleteable>
        <IsHighVolume>N</IsHighVolume>
        <IsView>Y</IsView>
        <EntityType>BLG</EntityType>
        <ImportTable>N</ImportTable>
        <IsChangeLog>N</IsChangeLog>
        <ReplicationType>L</ReplicationType>
        <PO_Window_ID reference="id"/>
        <CopyColumnsFromTable>N</CopyColumnsFromTable>
        <IsCentrallyMaintained>Y</IsCentrallyMaintained>
        <AD_Table_UU>1565052e-328a-4086-aab4-ec2b35078dd4</AD_Table_UU>
        <Processing>N</Processing>
        <DatabaseViewDrop>N</DatabaseViewDrop>
        <CopyComponentsFromView>N</CopyComponentsFromView>
        <CreateWindowFromTable>N</CreateWindowFromTable>
        <IsShowInDrillOptions>N</IsShowInDrillOptions>
        <IsPartition>N</IsPartition>
        <CreatePartition>N</CreatePartition>
        <AD_Element type="table">
            <AD_Client_ID>0</AD_Client_ID>
            <AD_Org_ID>0</AD_Org_ID>
            <IsActive>Y</IsActive>
            <ColumnName>PriceLastOrder</ColumnName>
            <Name>Last Order Price</Name>
            <Description>Price of the last order for the product</Description>
            <Help>The Last Order Price indicates the last price in an order for this product.</Help>
            <PrintName>Last Order Price</PrintName>
            <PO_Description/>
            <PO_Help/>
            <PO_Name/>
            <PO_PrintName/>
            <EntityType>BLG</EntityType>
            <AD_Element_UU>e6544dc3-b1c6-4dad-bc26-9612e2861752</AD_Element_UU>
            <Placeholder/>
            <AD_Element_Trl type="translation">
                <Description>Preis im letzten Auftrag</Description>
                <Help>Der Preis diesen Artikels im letzten Auftrag</Help>
                <Name>Preis letzter Auftrag</Name>
                <PO_Description/>
                <PO_Help/>
                <PO_Name/>
                <PO_PrintName/>
                <Placeholder/>
                <PrintName>Preis letzter Auftrag</PrintName>
                <AD_Language>de_DE</AD_Language>
                <IsActive>Y</IsActive>
                <IsTranslated>N</IsTranslated>
            </AD_Element_Trl>
        </AD_Element>
        <AD_Column type="table">
            <IsSyncDatabase>Y</IsSyncDatabase>
            <AD_Table_ID reference="uuid" reference-key="AD_Table">1565052e-328a-4086-aab4-ec2b35078dd4</AD_Table_ID>
            <AD_Reference_Value_ID reference="id"/>
            <AD_Client_ID>0</AD_Client_ID>
            <AD_Org_ID>0</AD_Org_ID>
            <Version>0</Version>
            <Name>Last Order Price</Name>
            <Description>Price of the last order for the product</Description>
            <Help>The Last Order Price indicates the last price in an order for this product.</Help>
            <AD_Val_Rule_ID reference="id"/>
            <ColumnName>PriceLastOrder</ColumnName>
            <DefaultValue/>
            <FieldLength>22</FieldLength>
            <IsKey>N</IsKey>
            <IsParent>N</IsParent>
            <IsMandatory>N</IsMandatory>
            <IsTranslated>N</IsTranslated>
            <IsIdentifier>N</IsIdentifier>
            <SeqNo>0</SeqNo>
            <IsEncrypted>N</IsEncrypted>
            <AD_Reference_ID reference="id" reference-key="AD_Reference">37</AD_Reference_ID>
            <IsActive>Y</IsActive>
            <VFormat/>
            <Callout/>
            <AD_Element_ID reference="uuid" reference-key="AD_Element">e6544dc3-b1c6-4dad-bc26-9612e2861752</AD_Element_ID>
            <IsUpdateable>N</IsUpdateable>
            <AD_Process_ID reference="id"/>
            <ValueMin/>
            <ValueMax/>
            <IsSelectionColumn>N</IsSelectionColumn>
            <ReadOnlyLogic/>
            <EntityType>BLG</EntityType>
            <IsAlwaysUpdateable>N</IsAlwaysUpdateable>
            <ColumnSQL/>
            <MandatoryLogic/>
            <IsAutocomplete>N</IsAutocomplete>
            <IsAllowLogging>Y</IsAllowLogging>
            <FormatPattern/>
            <AD_Chart_ID reference="id"/>
            <AD_Column_UU>b91bd1a6-333d-40cb-89c7-9457c0a12762</AD_Column_UU>
            <IsAllowCopy>Y</IsAllowCopy>
            <SeqNoSelection>0</SeqNoSelection>
            <IsToolbarButton>N</IsToolbarButton>
            <IsSecure>N</IsSecure>
            <FKConstraintName/>
            <FKConstraintType>N</FKConstraintType>
            <PA_DashboardContent_ID reference="id"/>
            <Placeholder/>
            <IsHtml>N</IsHtml>
            <AD_Val_Rule_Lookup_ID reference="id"/>
            <AlwaysUpdatableLogic/>
            <AD_InfoWindow_ID reference="id"/>
            <FKConstraintMsg_ID reference="id"/>
            <PartitioningMethod/>
            <IsPartitionKey>N</IsPartitionKey>
            <SeqNoPartition/>
            <RangePartitionInterval/>
        </AD_Column>
        <AD_Column type="table">
            <IsSyncDatabase>Y</IsSyncDatabase>
            <AD_Table_ID reference="uuid" reference-key="AD_Table">1565052e-328a-4086-aab4-ec2b35078dd4</AD_Table_ID>
            <AD_Reference_Value_ID reference="id"/>
            <AD_Client_ID>0</AD_Client_ID>
            <AD_Org_ID>0</AD_Org_ID>
            <Version>0</Version>
            <Name>Price List</Name>
            <Description>Unique identifier of a Price List</Description>
            <Help>Price Lists are used to determine the pricing, margin and cost of items purchased or sold.</Help>
            <AD_Val_Rule_ID reference="id"/>
            <ColumnName>M_PriceList_ID</ColumnName>
            <DefaultValue/>
            <FieldLength>22</FieldLength>
            <IsKey>N</IsKey>
            <IsParent>N</IsParent>
            <IsMandatory>N</IsMandatory>
            <IsTranslated>N</IsTranslated>
            <IsIdentifier>N</IsIdentifier>
            <SeqNo>0</SeqNo>
            <IsEncrypted>N</IsEncrypted>
            <AD_Reference_ID reference="id" reference-key="AD_Reference">19</AD_Reference_ID>
            <IsActive>Y</IsActive>
            <VFormat/>
            <Callout/>
            <AD_Element_ID reference="id" reference-key="AD_Element">449</AD_Element_ID>
            <IsUpdateable>Y</IsUpdateable>
            <AD_Process_ID reference="id"/>
            <ValueMin/>
            <ValueMax/>
            <IsSelectionColumn>N</IsSelectionColumn>
            <ReadOnlyLogic/>
            <EntityType>U</EntityType>
            <IsAlwaysUpdateable>N</IsAlwaysUpdateable>
            <ColumnSQL/>
            <MandatoryLogic/>
            <IsAutocomplete>N</IsAutocomplete>
            <IsAllowLogging>Y</IsAllowLogging>
            <FormatPattern/>
            <AD_Chart_ID reference="id"/>
            <AD_Column_UU>8dec3ea0-ac9a-4758-8ee0-8c1fa44f1be6</AD_Column_UU>
            <IsAllowCopy>Y</IsAllowCopy>
            <SeqNoSelection>0</SeqNoSelection>
            <IsToolbarButton>N</IsToolbarButton>
            <IsSecure>N</IsSecure>
            <FKConstraintName/>
            <FKConstraintType>N</FKConstraintType>
            <PA_DashboardContent_ID reference="id"/>
            <Placeholder/>
            <IsHtml>N</IsHtml>
            <AD_Val_Rule_Lookup_ID reference="id"/>
            <AlwaysUpdatableLogic/>
            <AD_InfoWindow_ID reference="id"/>
            <FKConstraintMsg_ID reference="id"/>
            <PartitioningMethod/>
            <IsPartitionKey>N</IsPartitionKey>
            <SeqNoPartition/>
            <RangePartitionInterval/>
        </AD_Column>
    </AD_Table>
    <AD_InfoWindow type="table">
        <AD_Client_ID>0</AD_Client_ID>
        <AD_Org_ID>0</AD_Org_ID>
        <IsActive>Y</IsActive>
        <Name>Create lines from Order</Name>
        <Description/>
        <Help/>
        <AD_Table_ID reference="uuid" reference-key="AD_Table">1565052e-328a-4086-aab4-ec2b35078dd4</AD_Table_ID>
        <EntityType>BLG</EntityType>
        <FromClause>blg_orderedproducts_v v</FromClause>
        <OtherClause/>
        <Processing>N</Processing>
        <AD_InfoWindow_UU>9fc46ca6-17f5-44e4-a3d8-5b534e7783dd</AD_InfoWindow_UU>
        <WhereClause>@M_PriceList_ID@ = m_pricelist_id</WhereClause>
        <IsDefault>N</IsDefault>
        <IsDistinct>N</IsDistinct>
        <OrderByClause>dateordered desc, line asc</OrderByClause>
        <IsValid>Y</IsValid>
        <AD_CtxHelp_ID reference="id"/>
        <ImageURL/>
        <SeqNo>100</SeqNo>
        <IsShowInDashboard>N</IsShowInDashboard>
        <MaxQueryRecords>0</MaxQueryRecords>
        <isLoadPageNum>Y</isLoadPageNum>
        <PagingSize>0</PagingSize>
        <AD_Window_ID reference="id"/>
        <PO_Window_ID reference="id"/>
        <AD_InfoWindow_Trl type="translation">
            <Description/>
            <Help/>
            <Name>Positionen aus vorherigen Aufträgen erzeugen</Name>
            <AD_Language>de_DE</AD_Language>
            <IsActive>Y</IsActive>
            <IsTranslated>N</IsTranslated>
        </AD_InfoWindow_Trl>
        <AD_InfoColumn type="table">
            <AD_Client_ID>0</AD_Client_ID>
            <AD_Org_ID>0</AD_Org_ID>
            <IsActive>Y</IsActive>
            <Name>Accumulated Qty</Name>
            <Description>Total Quantity</Description>
            <Help>Sum of the quantities</Help>
            <AD_InfoWindow_ID reference="uuid" reference-key="AD_InfoWindow">9fc46ca6-17f5-44e4-a3d8-5b534e7783dd</AD_InfoWindow_ID>
            <EntityType>BLG</EntityType>
            <SelectClause>v.cumulatedQty</SelectClause>
            <SeqNo>40</SeqNo>
            <IsDisplayed>Y</IsDisplayed>
            <IsQueryCriteria>N</IsQueryCriteria>
            <AD_Element_ID reference="id" reference-key="AD_Element">2823</AD_Element_ID>
            <AD_Reference_ID reference="id" reference-key="AD_Reference">29</AD_Reference_ID>
            <AD_InfoColumn_UU>1c948f2a-962b-48a4-83bb-1a437fb75b32</AD_InfoColumn_UU>
            <AD_Reference_Value_ID reference="id"/>
            <AD_Val_Rule_ID reference="id"/>
            <IsCentrallyMaintained>Y</IsCentrallyMaintained>
            <DisplayLogic/>
            <ColumnName>CumulatedQty</ColumnName>
            <QueryOperator>=</QueryOperator>
            <QueryFunction/>
            <IsIdentifier>N</IsIdentifier>
            <SeqNoSelection>0</SeqNoSelection>
            <DefaultValue/>
            <IsMandatory>N</IsMandatory>
            <IsKey>N</IsKey>
            <IsReadOnly>Y</IsReadOnly>
            <Placeholder/>
            <InputFieldValidation/>
            <AD_FieldStyle_ID reference="id"/>
            <IsAutocomplete>N</IsAutocomplete>
            <IsQueryAfterChange>N</IsQueryAfterChange>
            <IsRange>N</IsRange>
            <DefaultValue2/>
            <Placeholder2/>
            <AD_InfoColumn_Trl type="translation">
                <Description>Gesamtmenge</Description>
                <Help>Summe der Mengen</Help>
                <Name>Akkumulierte Menge</Name>
                <Placeholder/>
                <Placeholder2/>
                <AD_Language>de_DE</AD_Language>
                <IsActive>Y</IsActive>
                <IsTranslated>Y</IsTranslated>
            </AD_InfoColumn_Trl>
        </AD_InfoColumn>
        <AD_InfoColumn type="table">
            <AD_Client_ID>0</AD_Client_ID>
            <AD_Org_ID>0</AD_Org_ID>
            <IsActive>Y</IsActive>
            <Name>Date Ordered</Name>
            <Description>Date of Order</Description>
            <Help>Indicates the Date an item was ordered.</Help>
            <AD_InfoWindow_ID reference="uuid" reference-key="AD_InfoWindow">9fc46ca6-17f5-44e4-a3d8-5b534e7783dd</AD_InfoWindow_ID>
            <EntityType>BLG</EntityType>
            <SelectClause>v.DateOrdered</SelectClause>
            <SeqNo>70</SeqNo>
            <IsDisplayed>Y</IsDisplayed>
            <IsQueryCriteria>N</IsQueryCriteria>
            <AD_Element_ID reference="id" reference-key="AD_Element">268</AD_Element_ID>
            <AD_Reference_ID reference="id" reference-key="AD_Reference">15</AD_Reference_ID>
            <AD_InfoColumn_UU>8f3e38d9-1333-48d7-82bf-0cd9d10034a9</AD_InfoColumn_UU>
            <AD_Reference_Value_ID reference="id"/>
            <AD_Val_Rule_ID reference="id"/>
            <IsCentrallyMaintained>Y</IsCentrallyMaintained>
            <DisplayLogic/>
            <ColumnName>DateOrdered</ColumnName>
            <QueryOperator>=</QueryOperator>
            <QueryFunction>Trunc</QueryFunction>
            <IsIdentifier>N</IsIdentifier>
            <SeqNoSelection>0</SeqNoSelection>
            <DefaultValue/>
            <IsMandatory>N</IsMandatory>
            <IsKey>N</IsKey>
            <IsReadOnly>Y</IsReadOnly>
            <Placeholder/>
            <InputFieldValidation/>
            <AD_FieldStyle_ID reference="id"/>
            <IsAutocomplete>N</IsAutocomplete>
            <IsQueryAfterChange>N</IsQueryAfterChange>
            <IsRange>N</IsRange>
            <DefaultValue2/>
            <Placeholder2/>
            <AD_InfoColumn_Trl type="translation">
                <Description>Datum des Auftrags</Description>
                <Help>Kennzeichnet das Datum an dem Ware bestellt wurde.</Help>
                <Name>Auftragsdatum</Name>
                <Placeholder/>
                <Placeholder2/>
                <AD_Language>de_DE</AD_Language>
                <IsActive>Y</IsActive>
                <IsTranslated>Y</IsTranslated>
            </AD_InfoColumn_Trl>
        </AD_InfoColumn>
        <AD_InfoColumn type="table">
            <AD_Client_ID>0</AD_Client_ID>
            <AD_Org_ID>0</AD_Org_ID>
            <IsActive>Y</IsActive>
            <Name>PriceMax</Name>
            <Description>Maximum Price Entered - the price based on the selected/base UoM</Description>
            <Help/>
            <AD_InfoWindow_ID reference="uuid" reference-key="AD_InfoWindow">9fc46ca6-17f5-44e4-a3d8-5b534e7783dd</AD_InfoWindow_ID>
            <EntityType>BLG</EntityType>
            <SelectClause>v.PriceEnteredMax</SelectClause>
            <SeqNo>50</SeqNo>
            <IsDisplayed>Y</IsDisplayed>
            <IsQueryCriteria>N</IsQueryCriteria>
            <AD_Element_ID reference="uuid" reference-key="AD_Element">95ee1f1a-21d8-45e3-9d88-ad6bdbf578cb</AD_Element_ID>
            <AD_Reference_ID reference="id" reference-key="AD_Reference">37</AD_Reference_ID>
            <AD_InfoColumn_UU>66f51b8f-9171-49f0-8a3e-d429750bdc7b</AD_InfoColumn_UU>
            <AD_Reference_Value_ID reference="id"/>
            <AD_Val_Rule_ID reference="id"/>
            <IsCentrallyMaintained>Y</IsCentrallyMaintained>
            <DisplayLogic/>
            <ColumnName>PriceEnteredMax</ColumnName>
            <QueryOperator>=</QueryOperator>
            <QueryFunction/>
            <IsIdentifier>N</IsIdentifier>
            <SeqNoSelection>0</SeqNoSelection>
            <DefaultValue/>
            <IsMandatory>N</IsMandatory>
            <IsKey>N</IsKey>
            <IsReadOnly>Y</IsReadOnly>
            <Placeholder/>
            <InputFieldValidation/>
            <AD_FieldStyle_ID reference="id"/>
            <IsAutocomplete>N</IsAutocomplete>
            <IsQueryAfterChange>N</IsQueryAfterChange>
            <IsRange>N</IsRange>
            <DefaultValue2/>
            <Placeholder2/>
            <AD_InfoColumn_Trl type="translation">
                <Description>Maximaler Preis</Description>
                <Help/>
                <Name>MaxPreis</Name>
                <Placeholder/>
                <Placeholder2/>
                <AD_Language>de_DE</AD_Language>
                <IsActive>Y</IsActive>
                <IsTranslated>N</IsTranslated>
            </AD_InfoColumn_Trl>
        </AD_InfoColumn>
        <AD_InfoColumn type="table">
            <AD_Client_ID>0</AD_Client_ID>
            <AD_Org_ID>0</AD_Org_ID>
            <IsActive>Y</IsActive>
            <Name>Product</Name>
            <Description>Product, Service, Item</Description>
            <Help>Identifies an item which is either purchased or sold in this organization.</Help>
            <AD_InfoWindow_ID reference="uuid" reference-key="AD_InfoWindow">9fc46ca6-17f5-44e4-a3d8-5b534e7783dd</AD_InfoWindow_ID>
            <EntityType>BLG</EntityType>
            <SelectClause>v.M_Product_ID</SelectClause>
            <SeqNo>60</SeqNo>
            <IsDisplayed>Y</IsDisplayed>
            <IsQueryCriteria>N</IsQueryCriteria>
            <AD_Element_ID reference="id" reference-key="AD_Element">454</AD_Element_ID>
            <AD_Reference_ID reference="id" reference-key="AD_Reference">30</AD_Reference_ID>
            <AD_InfoColumn_UU>15db9f45-5567-436a-9bd4-6c070518b9a7</AD_InfoColumn_UU>
            <AD_Reference_Value_ID reference="id"/>
            <AD_Val_Rule_ID reference="id" reference-key="AD_Val_Rule">231</AD_Val_Rule_ID>
            <IsCentrallyMaintained>Y</IsCentrallyMaintained>
            <DisplayLogic/>
            <ColumnName>M_Product_ID</ColumnName>
            <QueryOperator/>
            <QueryFunction/>
            <IsIdentifier>N</IsIdentifier>
            <SeqNoSelection>0</SeqNoSelection>
            <DefaultValue/>
            <IsMandatory>N</IsMandatory>
            <IsKey>N</IsKey>
            <IsReadOnly>Y</IsReadOnly>
            <Placeholder/>
            <InputFieldValidation/>
            <AD_FieldStyle_ID reference="id"/>
            <IsAutocomplete>N</IsAutocomplete>
            <IsQueryAfterChange>N</IsQueryAfterChange>
            <IsRange>N</IsRange>
            <DefaultValue2/>
            <Placeholder2/>
            <AD_InfoColumn_Trl type="translation">
                <Description>Artikel, Dienstleistung, Gegenstand</Description>
                <Help>Kennzeichnet einen Artikel der von dieser Organisation eingekauft oder verkauft wird.</Help>
                <Name>Artikel</Name>
                <Placeholder/>
                <Placeholder2/>
                <AD_Language>de_DE</AD_Language>
                <IsActive>Y</IsActive>
                <IsTranslated>Y</IsTranslated>
            </AD_InfoColumn_Trl>
        </AD_InfoColumn>
        <AD_InfoColumn type="table">
            <AD_Client_ID>0</AD_Client_ID>
            <AD_Org_ID>0</AD_Org_ID>
            <IsActive>Y</IsActive>
            <Name>Last Order Price</Name>
            <Description>Price of the last order for the product</Description>
            <Help>The Last Order Price indicates the last price in an order for this product.</Help>
            <AD_InfoWindow_ID reference="uuid" reference-key="AD_InfoWindow">9fc46ca6-17f5-44e4-a3d8-5b534e7783dd</AD_InfoWindow_ID>
            <EntityType>BLG</EntityType>
            <SelectClause>v.pricelastorder</SelectClause>
            <SeqNo>30</SeqNo>
            <IsDisplayed>Y</IsDisplayed>
            <IsQueryCriteria>N</IsQueryCriteria>
            <AD_Element_ID reference="uuid" reference-key="AD_Element">e6544dc3-b1c6-4dad-bc26-9612e2861752</AD_Element_ID>
            <AD_Reference_ID reference="id" reference-key="AD_Reference">37</AD_Reference_ID>
            <AD_InfoColumn_UU>e085c594-46fe-482c-80a7-a25665158621</AD_InfoColumn_UU>
            <AD_Reference_Value_ID reference="id"/>
            <AD_Val_Rule_ID reference="id"/>
            <IsCentrallyMaintained>Y</IsCentrallyMaintained>
            <DisplayLogic/>
            <ColumnName>PriceLastOrder</ColumnName>
            <QueryOperator>=</QueryOperator>
            <QueryFunction/>
            <IsIdentifier>N</IsIdentifier>
            <SeqNoSelection>0</SeqNoSelection>
            <DefaultValue/>
            <IsMandatory>N</IsMandatory>
            <IsKey>N</IsKey>
            <IsReadOnly>Y</IsReadOnly>
            <Placeholder/>
            <InputFieldValidation/>
            <AD_FieldStyle_ID reference="id"/>
            <IsAutocomplete>N</IsAutocomplete>
            <IsQueryAfterChange>N</IsQueryAfterChange>
            <IsRange>N</IsRange>
            <DefaultValue2/>
            <Placeholder2/>
            <AD_InfoColumn_Trl type="translation">
                <Description>Preis im letzten Auftrag</Description>
                <Help>Der Preis diesen Artikels im letzten Auftrag</Help>
                <Name>Preis letzter Auftrag</Name>
                <Placeholder/>
                <Placeholder2/>
                <AD_Language>de_DE</AD_Language>
                <IsActive>Y</IsActive>
                <IsTranslated>N</IsTranslated>
            </AD_InfoColumn_Trl>
        </AD_InfoColumn>
        <AD_Process type="table">
            <AD_Client_ID>0</AD_Client_ID>
            <AD_Org_ID>0</AD_Org_ID>
            <IsActive>Y</IsActive>
            <Name>Add Orderlines From Selection</Name>
            <Description/>
            <Help/>
            <ProcedureName/>
            <IsReport>N</IsReport>
            <Value>BLG_AddOrderlinesFromSelection</Value>
            <IsDirectPrint>N</IsDirectPrint>
            <AD_ReportView_ID reference="id"/>
            <Classname>de.schoenbeck.beluga.orderedproducts.AddOrderlinesFromSelection</Classname>
            <AccessLevel>3</AccessLevel>
            <EntityType>BLG</EntityType>
            <Statistic_Count>16</Statistic_Count>
            <Statistic_Seconds>1316</Statistic_Seconds>
            <AD_PrintFormat_ID reference="id"/>
            <WorkflowValue/>
            <AD_Workflow_ID reference="id"/>
            <IsBetaFunctionality>N</IsBetaFunctionality>
            <ShowHelp>S</ShowHelp>
            <JasperReport/>
            <AD_Form_ID reference="id"/>
            <CopyFromProcess>N</CopyFromProcess>
            <AD_Process_UU>fde64c5c-242f-4499-a7ce-3931a4d6717f</AD_Process_UU>
            <AD_CtxHelp_ID reference="id"/>
            <ExecutionType/>
            <AllowMultipleExecution>P</AllowMultipleExecution>
            <FileNamePattern/>
            <AD_Process_Trl type="translation">
                <Description/>
                <Help/>
                <Name>Auftragspositionen aus Auswahl erzeugen</Name>
                <AD_Language>de_DE</AD_Language>
                <IsActive>Y</IsActive>
                <IsTranslated>Y</IsTranslated>
            </AD_Process_Trl>
            <AD_Process_Para type="table">
                <AD_Client_ID>0</AD_Client_ID>
                <AD_Org_ID>0</AD_Org_ID>
                <IsActive>Y</IsActive>
                <Name>Order</Name>
                <Description>Order</Description>
                <Help>The Order is a control document.  The  Order is complete when the quantity ordered is the same as the quantity shipped and invoiced.  When you close an order, unshipped (backordered) quantities are cancelled.</Help>
                <AD_Process_ID reference="uuid" reference-key="AD_Process">fde64c5c-242f-4499-a7ce-3931a4d6717f</AD_Process_ID>
                <SeqNo>10</SeqNo>
                <AD_Reference_ID reference="id" reference-key="AD_Reference">30</AD_Reference_ID>
                <AD_Reference_Value_ID reference="id"/>
                <IsRange>N</IsRange>
                <AD_Val_Rule_ID reference="id"/>
                <FieldLength>0</FieldLength>
                <IsMandatory>Y</IsMandatory>
                <DefaultValue>@C_Order_ID@</DefaultValue>
                <VFormat/>
                <ValueMin/>
                <ValueMax/>
                <ColumnName>C_Order_ID</ColumnName>
                <DefaultValue2/>
                <IsCentrallyMaintained>Y</IsCentrallyMaintained>
                <EntityType>BLG</EntityType>
                <AD_Element_ID reference="id" reference-key="AD_Element">558</AD_Element_ID>
                <ReadOnlyLogic>@C_Order_ID@!0</ReadOnlyLogic>
                <DisplayLogic/>
                <AD_Process_Para_UU>d4efcba3-6589-4185-8ecf-96f23aa0ce32</AD_Process_Para_UU>
                <IsEncrypted>N</IsEncrypted>
                <MandatoryLogic/>
                <Query/>
                <AD_FieldGroup_ID reference="id"/>
                <Placeholder/>
                <Placeholder2/>
                <IsAutocomplete>N</IsAutocomplete>
                <DateRangeOption>D</DateRangeOption>
                <IsShowNegateButton>N</IsShowNegateButton>
                <AD_Process_Para_Trl type="translation">
                    <Description>Auftrag</Description>
                    <Help>Der Auftrag ist ein Kontrollbeleg. Der Auftrag ist vollständig, wenn die bestellte Menge mit der verschickten und berechneten Menge übereinstimmt. Wenn ein Auftrag geschlossen wird, werden nicht gelieferte Mengen (im Rückstand) storniert.</Help>
                    <Name>Auftrag</Name>
                    <Placeholder/>
                    <Placeholder2/>
                    <AD_Language>de_DE</AD_Language>
                    <IsActive>Y</IsActive>
                    <IsTranslated>Y</IsTranslated>
                </AD_Process_Para_Trl>
            </AD_Process_Para>
        </AD_Process>
        <AD_InfoProcess type="table">
            <AD_Client_ID>0</AD_Client_ID>
            <AD_Org_ID>0</AD_Org_ID>
            <AD_InfoProcess_UU>b5717fcc-9129-4537-b56f-d2a85940cc94</AD_InfoProcess_UU>
            <IsActive>Y</IsActive>
            <ImageURL/>
            <SeqNo>10</SeqNo>
            <AD_Process_ID reference="uuid" reference-key="AD_Process">fde64c5c-242f-4499-a7ce-3931a4d6717f</AD_Process_ID>
            <AD_InfoWindow_ID reference="uuid" reference-key="AD_InfoWindow">9fc46ca6-17f5-44e4-a3d8-5b534e7783dd</AD_InfoWindow_ID>
            <LayoutType>B</LayoutType>
            <DisplayLogic/>
            <AD_InfoColumn_ID reference="uuid" reference-key="AD_InfoColumn">15db9f45-5567-436a-9bd4-6c070518b9a7</AD_InfoColumn_ID>
            <EntityType>BLG</EntityType>
        </AD_InfoProcess>
    </AD_InfoWindow>
    <AD_Package_Exp type="table">
        <AD_Client_ID>0</AD_Client_ID>
        <AD_Org_ID>0</AD_Org_ID>
        <AD_Package_Type>X</AD_Package_Type>
        <EMail/>
        <Instructions/>
        <Name>de.schoenbeck.beluga.orderedproducts</Name>
        <Processed>N</Processed>
        <ReleaseNo/>
        <Version/>
        <UserName/>
        <Processing>N</Processing>
        <PK_Version>1.0.1</PK_Version>
        <IsActive>Y</IsActive>
        <File_Directory/>
        <Description>Beluga-Orderedproducts provides an easy way to add products for an order from a list of previously ordered products</Description>
        <AD_Package_Exp_UU>90b57d04-d6f1-4c70-9b1e-623108904c94</AD_Package_Exp_UU>
        <DateFrom>2025-09-22 00:00:00.0</DateFrom>
        <IsExportDictionaryEntity>N</IsExportDictionaryEntity>
    </AD_Package_Exp>
</idempiere>
