<?xml version="1.0" encoding="UTF-8"?><?xml-stylesheet type="text/css" href="idempiereDocument.css"?><idempiereDocument>
    <header>de.schoenbeck.beluga.orderedproducts Package Description</header>
    <H1>Package Name:</H1>
    <packagename>de.schoenbeck.beluga.orderedproducts</packagename>
    <H1>Author:</H1>
    <Name:/>
    <H1>Email Address:</H1>
    <Email/>
    <H1>Created:</H1>
    <Date>2025-09-12 07:33:21.542</Date>
    <H1>Updated:</H1>
    <Date>2025-09-22 11:23:01.49</Date>
    <H1>Description:</H1>
    <description>Beluga-Orderedproducts provides an easy way to add products for an order from a list of previously ordered products</description>
    <H1>Instructions:</H1>
    <instructions/>
    <H1>Files in Package:</H1>
    <file>File: PackOut.xml</file>
    <filedirectory>Directory: \dict\</filedirectory>
    <filenotes>Notes: Contains all application/object settings for package</filenotes>
    <H1>Client:</H1>
    <Client>0-SYSTEM-System</Client>
</idempiereDocument>
